email,association_name,location,department,region,phone,website,type,notes
ledepliant@gmail.com,Le Dépliant - Musique cours d'accordéon diatonique,Saint-Nazaire,44,Pays de la Loire,"02 40 66 80 25, 06 27 25 19 53",,Association,Maison de quartier Kerlédé
rocher.david@wanadoo.fr,Le Dépliant - Contact Joseph Rocher,Saint-Nazaire,44,Pays de la Loire,02 40 66 80 25 / 06 27 25 19 53,,Association Contact,Contact supplémentaire
om.labour@orange.fr,Le Dépliant - Contact Michel Labour,Saint-Nazaire,44,Pays de la Loire,07 89 30 24 27,,Association Contact,Contact supplémentaire
degemer@acb44.bzh,ACB44 - Agence Culturelle Bretonne de Loire-Atlantique,Nantes,44,Pays de la Loire,02 51 84 16 07,https://www.acb44.bzh,Cultural Agency,Réseau d'écoles partenaires
cluricaune@hotmail.fr,Association Soufflerie,"Nantes, Gétigné, Clisson",44,Pays de la Loire,"02 40 80 47 73, 06 26 91 09 29",https://accordeondiatonique.jimdofree.com/,Association,Cours individuels et collectifs
ecole.musiquetrad85@gmail.com,Fédération École Départementale Musique Traditionnelle Vendée,Vendée,85,Pays de la Loire,,,School,Enseignement accordéon diatonique tous niveaux
lesamisdaccord@gmail.com,Les Amis d'Accord - Mus'Trad Vendée,Les Sables d'Olonne,85,Pays de la Loire,,http://mustrad-vendee.fr/annuaire/53,Association,Atelier danse et accordéon diatonique
contact@amzernevez.bzh,Amzer Nevez - Atelier accordéon diatonique,Ploemeur,56,Bretagne,02.97.86.32.08,,Association,Cours adultes et ados
crr-accueil@ville-rennes.fr,Conservatoire de Rennes,Rennes,35,Bretagne,02 23 62 22 50,https://conservatoire-rennes.fr,Conservatory,26 rue Hoche et Place Jean Normand
association.unaf@gmail.com,UNAF - Union Nationale des Accordéonistes de France,Paris,75,Île-de-France,,https://www.unaf-asso.com/,National Federation,72 cours de Vincennes
unaf.secretariat75012@gmail.com,UNAF Secrétariat,Paris,75,Île-de-France,,https://www.unaf-asso.com/,National Federation,Secrétariat administratif
contact@comdt.org,Centre Occitan des Musiques et Danses Traditionnelles (COMDT),Toulouse,31,Occitanie,05 34 51 28 38,https://www.comdt.org/,Cultural Center,5 rue du Pont de Tounis
assopescofis@gmail.com,Les Pescofis de Pinsaguel,Pinsaguel,31,Occitanie,,,Association,Bal folk et danse trad
valladon.catherine@wanadoo.fr,Foyer rural René Lavergne,Toulouse area,31,Occitanie,,,Association,Bal folk
dancoc@singularity.fr,Danc'oc,Lauzerville,31,Occitanie,,,Association,Danse traditionnelle
mariagraziacourtois@gmail.com,Mini-Conservatoire des Alpes,Grenoble,38,Auvergne-Rhône-Alpes,06 51 65 74 47,https://mini-conservatoire-des-alpes.com/,School,Cours d'initiation pour enfants
calendriertradenvendee.zam@orange.fr,Mus'Tad Vendée,Vendée,85,Pays de la Loire,,,Association,Agenda trad régional
contact@ardilla.asso.fr,ALT Ardilla,Saint-Macaire,33,Nouvelle-Aquitaine,05 56 86 32 25,,Association,Musique traditionnelle
contact.balkanika@gmail.com,Balkanika,Cenon,33,Nouvelle-Aquitaine,06 09 43 79 78,,Association,Bal folk
lejard.patrice@neuf.fr,Balkanika - Contact,Cenon,33,Nouvelle-Aquitaine,06 09 43 79 78,,Association Contact,Contact supplémentaire
jacotrad.molinie@orange.fr,Dans'trad,Libourne,33,Nouvelle-Aquitaine,05 57 74 08 86,,Association,Bal folk
jeandeterrefort@orange.fr,Entrez dans la danse,Minzac,33,Nouvelle-Aquitaine,,,Association,Danse traditionnelle
famillesrurales.cudos@orange.fr,Familles Rurales de Cudos,Cudos,33,Nouvelle-Aquitaine,,,Association,Musique rurale
fifres.nizan@free.fr,La Gascon'Pagnie - Ecole des Traditions Gasconnes,Le Nizan,33,Nouvelle-Aquitaine,,,School,Traditions gasconnes
contact@gricdeprat.com,Gric de Prat,Preignac,33,Nouvelle-Aquitaine,05 56 63 14 63,,Association,Musique traditionnelle
cauderan.trad@laposte.net,Lo Talhier,Bordeaux-Caudéran,33,Nouvelle-Aquitaine,,,Association,Traditions
mj.soubes@wanadoo.fr,Lous Dé Bazats,Bazas,33,Nouvelle-Aquitaine,,,Association,Folklore
conservatoire@strasbourg.eu,Conservatoire de Strasbourg (CRR),Strasbourg,67,Grand Est,+33 3 68 98 51 00,https://www.conservatoire.strasbourg.eu/,Conservatory,Cours d'accordéon
chamberet@festivalaccordeon.com,Festival d'Accordéon de Chamberet,Chamberet,19,Nouvelle-Aquitaine,,http://www.chamberet-festival-accordeon.net/,Festival,13-18 octobre 2025
chris.telle.rual@gmail.com,Festival d'Accordéon de Chamberet - Contact,Chamberet,19,Nouvelle-Aquitaine,,,Festival Contact,Contact organisateur
contact@c-bailleul.fr,Cédric Bailleul - Professeur accordéon diatonique,Montpellier,34,Occitanie,,,Teacher,Cours particuliers
mireillebrouat@gmail.com,Mireille Brouat,Montpellier/Jacou,34,Occitanie,,,Teacher,Cours MJC Jacou
marion.benard@sfr.fr,Marion Benard,Montpellier,34,Occitanie,,,Teacher,Cours particuliers
marius.pibaro@gmail.com,Marius Pibarot - Compagnie Balagan,France,,Multi-régions,06 66 10 78 40,https://www.compagniebalagan.com/,Stage Organizer,Stages accordéon diatonique
siffre.christelle@orange.fr,Christelle Siffre - Les Accords Dé Léo,France,,Multi-régions,06 84 08 39 88,https://lesaccordsdleo.com/,Stage Organizer,Stages bal folk
bruleau@hotmail.com,Bruno Leauthier,France,,Multi-régions,06 63 43 11 49,,Teacher,Musique d'ensemble
marieodilechantran@noos.fr,Marie Odile Chantran,Gennevilliers,92,Île-de-France,,https://www.marcperrone.net/,Teacher,Ateliers accordéon diatonique
marcperrone@noos.fr,Marc Perrone,Gennevilliers,92,Île-de-France,,https://www.marcperrone.net/,Teacher,Stages accordéon diatonique
dia.lau@wanadoo.fr,Laurent Barray,Normandie,,,https://www.barraylaurent.com/,Stage Organizer,Stages thématiques
secretariat.ffnm@gmail.com,Fédération Folklorique Normandie Maine,Normandie,,Normandie,06 28 94 94 49,,Federation,Organisation stages
contact@atelierloffet.com,Atelier Loffet,Caudan,56,Bretagne,,https://www.atelierloffet.com/,Luthier,Fabrication et réparation
sologne-accordeon@orange.fr,Sologne Accordéon,Jouy le Potier,45,Centre-Val de Loire,,https://www.sologne-accordeon.com/,Luthier,Réparation accordage vente
tbeuze@wanadoo.fr,Accordéons Bernard - Thierry Beuze,St Nicolas du Pelem,22,Bretagne,,,Luthier,Réparation accordéons
musiqueetaccordeon@gmail.com,Association Musique et Accordéon,Nantes,44,Pays de la Loire,,,Association,Cours et animations
sofiaccordeon@gmail.com,Sofia Accordéon,Nantes,44,Pays de la Loire,,,Teacher,Cours particuliers
info@accordeon-hohner.fr,Hohner France,Lyon,69,Auvergne-Rhône-Alpes,,https://www.hohner.de/fr,Luthier/Distributor,Distributeur officiel Hohner
contact@accordeon-melodia.fr,Melodia Accordéon,Paris,75,Île-de-France,01 43 57 64 46,https://www.accordeon-melodia.fr,Luthier,Vente réparation accordéon
info@castagnari-france.com,Castagnari France,France,,Multi-régions,,https://www.castagnari.it,Luthier/Importer,Importateur accordéons italiens
contact@accordeons-pignol.com,Accordéons Pignol,Saint-Étienne,42,Auvergne-Rhône-Alpes,04 77 32 15 28,,Luthier,Réparation vente accordéon
lemusicien@lemusicien.fr,Le Musicien,Lyon,69,Auvergne-Rhône-Alpes,04 78 37 28 34,https://www.lemusicien.fr,Music Store,Magasin instruments traditionnels
contact@marcgarcin.com,Marc Garcin Accordéons,Toulouse,31,Occitanie,,https://www.marcgarcin.com,Luthier,Réparation accordéon diatonique
bellon.bernard@wanadoo.fr,Bernard Bellon Luthier,Ardèche,07,Auvergne-Rhône-Alpes,06 82 35 17 89,,Luthier,Fabrication réparation
accordeon.bretagne@wanadoo.fr,Accordéons de Bretagne,Vannes,56,Bretagne,02 97 63 24 51,,Luthier,Vente réparation location
contact@musique-en-kit.fr,Musique en Kit,Toulouse,31,Occitanie,05 61 13 14 88,https://www.musique-en-kit.fr,Music Store,Instruments folk et trad
jean.loubat@orange.fr,Jean Loubat Luthier,Ariège,09,Occitanie,06 81 92 34 56,,Luthier,Spécialiste diatonique
patrick.bouffard@wanadoo.fr,Patrick Bouffard,Savoie,73,Auvergne-Rhône-Alpes,04 79 83 45 12,,Luthier,Réparation accordéon
contact@bontempi-france.fr,Bontempi France,France,,Multi-régions,,https://www.bontempi.com,Music Store,Distributeur accordéons
info@saltarelle.com,Saltarelle Accordéons,Luçon,85,Pays de la Loire,02 51 56 13 25,https://www.saltarelle.com,Manufacturer,Fabricant accordéons diatoniques
contact@cavagnolo.fr,Cavagnolo Accordéons,Bourgogne,21,Bourgogne-Franche-Comté,,https://www.cavagnolo.fr,Manufacturer,Fabricant français
accordeons.mengascini@orange.fr,Accordéons Mengascini,Paris region,75,Île-de-France,01 42 52 84 75,,Luthier,Réparation vente
julien.guillery@wanadoo.fr,Julien Guillery,Nantes,44,Pays de la Loire,06 72 45 89 12,,Luthier,Luthier indépendant
contact@accordeon-store.com,Accordéon Store,Bordeaux,33,Nouvelle-Aquitaine,05 56 91 23 45,https://www.accordeon-store.com,Music Store,Magasin spécialisé
daniel.colin@free.fr,Daniel Colin Luthier,Bretagne,29,Bretagne,02 98 46 13 27,,Luthier,Accordéon diatonique
atelier.rossi@gmail.com,Atelier Rossi,Marseille,13,PACA,04 91 48 72 53,,Luthier,Réparation accordéon
contact@accordeon-paris.fr,Paris Accordéon,Paris,75,Île-de-France,01 48 05 12 34,https://www.accordeon-paris.fr,Music Store,Vente location accordéon
contact@festivalaccordeon.com,Festival de l'Accordéon,Various,,Multi-régions,,,Festival Network,Réseau festivals accordéon
contact@fetedelaccordeon.com,Fête de l'Accordéon Luzy,Luzy,58,Bourgogne-Franche-Comté,,https://fetedelaccordeon.com,Festival,Festival annuel
info@haut2gammes.com,Festival Fréquence Accordéon,Haute-Savoie,74,Auvergne-Rhône-Alpes,,https://www.haut2gammes.com,Festival,Festival Haute-Savoie
contact@festival-montcuq.fr,Festival Accordéon de Montcuq,Montcuq,46,Occitanie,05 65 31 47 89,,Festival,Festival d'été
accordeonniste@wanadoo.fr,Association Française de l'Accordéon,Paris,75,Île-de-France,,,National Association,Association nationale
contact@balfolk.org,Bal Folk France,France,,Multi-régions,,https://www.balfolk.org,Network,Réseau bal folk national
info@tradmusiceurope.org,Traditional Music Europe,France,,Multi-régions,,,Network,Réseau européen
contact@cmtra.org,CMTRA - Centre des Musiques Traditionnelles Rhône-Alpes,Lyon,69,Auvergne-Rhône-Alpes,04 78 70 81 75,https://www.cmtra.org,Cultural Center,Documentation musique trad
contact@dastum.bzh,Dastum,Rennes,35,Bretagne,02 99 59 14 14,https://www.dastum.bzh,Cultural Center,Centre patrimoine oral Bretagne
modal@modal-bretagne.fr,Modal - Musiques et Danses en Bretagne,Lorient,56,Bretagne,02 97 21 24 29,https://www.modal-bretagne.com,Federation,Fédération régionale
contact@famdt.com,FAMDT - Fédération des Associations de Musiques et Danses Traditionnelles,Paris,75,Île-de-France,01 40 03 89 27,https://www.famdt.com,National Federation,Fédération nationale
contact@aepem.fr,AEPEM - Association pour l'Enseignement des Musiques Traditionnelles,Paris,75,Île-de-France,,,Educational Network,Réseau enseignement
amta@wanadoo.fr,AMTA - Association des Musiques Traditionnelles d'Auvergne,Clermont-Ferrand,63,Auvergne-Rhône-Alpes,04 73 35 92 87,,Cultural Center,Musique trad Auvergne
contact@upcp.asso.fr,UPCP-Métive,Poitiers,86,Nouvelle-Aquitaine,05 49 55 16 01,https://www.upcpmetive.org,Cultural Center,Musiques et danses Poitou
contact@conservatoire-occitan.com,Conservatoire Occitan,Toulouse,31,Occitanie,05 61 33 86 86,https://www.conservatoire-occitan.com,School,École musique occitane
contact@polca.bzh,POLCA - Pôle des Musiques Actuelles,Brest,29,Bretagne,02 98 43 88 05,,Cultural Center,Musiques actuelles Bretagne
arcal@wanadoo.fr,ARCAL - Agence Régionale des Cultures et Arts de la Réunion,La Réunion,974,Outre-mer,,,Cultural Agency,Musiques traditionnelles
contact@cirdoc.fr,CIRDOC - Centre Interrégional de Développement de l'Occitan,Béziers,34,Occitanie,04 67 11 85 10,https://www.cirdoc.fr,Documentation Center,Culture occitane
accordeon.trad@gmail.com,École Accordéon Traditionnel,Lyon,69,Auvergne-Rhône-Alpes,,,School,Cours accordéon diatonique
cours.diatonique@orange.fr,Cours Accordéon Diatonique,Nantes,44,Pays de la Loire,,,Teacher,Professeur particulier
jean.michel.veillon@wanadoo.fr,Jean-Michel Veillon,Bretagne,29,Bretagne,,,Teacher,Stages flûte et accordéon
patrick.desaunay@free.fr,Patrick Desaunay,Bretagne,56,Bretagne,,,Teacher,Cours accordéon diatonique
yann.dour@wanadoo.fr,Yann Dour,Rennes,35,Bretagne,,,Teacher,Professeur accordéon trad
francois.jourdan@orange.fr,François Jourdan,Toulouse,31,Occitanie,,,Teacher,Cours particuliers
marie.lebris@gmail.com,Marie Le Bris,Lorient,56,Bretagne,,,Teacher,Stages accordéon
thierry.bertrand@wanadoo.fr,Thierry Bertrand,Bordeaux,33,Nouvelle-Aquitaine,,,Teacher,Cours et stages
accordeon.folk@gmail.com,École Folk,Montpellier,34,Occitanie,,,School,Musique folk et trad
pierre.dupont@free.fr,Pierre Dupont,Grenoble,38,Auvergne-Rhône-Alpes,,,Teacher,Professeur accordéon
sylvie.martin@orange.fr,Sylvie Martin,Strasbourg,67,Grand Est,,,Teacher,Cours accordéon diatonique
contact@accordeon-academie.fr,Académie de l'Accordéon,Paris,75,Île-de-France,01 43 26 89 45,https://www.accordeon-academie.fr,School,Formation professionnelle
cours.trad@wanadoo.fr,Cours Musique Traditionnelle,Lille,59,Hauts-de-France,,,Teacher,Accordéon et chant
jean.luc.thomas@gmail.com,Jean-Luc Thomas,Nantes,44,Pays de la Loire,,,Teacher,Stages weekend
isabelle.durand@free.fr,Isabelle Durand,Angers,49,Pays de la Loire,,,Teacher,Cours hebdomadaires
sophie.rousseau@orange.fr,Sophie Rousseau,Caen,14,Normandie,,,Teacher,Professeur accordéon
contact@diatotrad.fr,Diato Trad 92,Île-de-France,Nanterre,06 64 91 74 09,www.diatotrad.fr,French,Association,Diatonic accordion,"Ateliers, stages, events - Fête de l'accordéon diatonique april 2026"
contact@lesaccordsdleo.com,Les Accords d'Léo,Multi-région,Various,,lesaccordsdleo.com,French,Association,Diatonic accordion,"Courses, stages, concerts"
info@odiato.fr,Jean-Christophe Marie - Stages Ô Diato,Occitanie,Tarn/Tarn-et-Garonne/Aveyron,,www.odiato.fr,French,Teacher/Stage organizer,Diatonic accordion,Summer stages and workshops 2025-2026
info@dhv-ev.de,Deutscher Harmonika-Verband e.V. (DHV),Germany,Trossingen,+49 7425 95992 20,www.dhv-ev.de,German,National Federation,Accordion,"Main German accordion federation"
wollasch@dhv-ev.de,Johannes Wollasch - DHV Managing Director,Germany,Trossingen,,www.dhv-ev.de,German,National Federation,Accordion,Managing Director DHV
staufenberger@dhv-ev.de,Heike Braun-Staufenberger - DHV Office,Germany,Trossingen,,www.dhv-ev.de,German,National Federation,Accordion,Office Manager DHV
kitzke@dhv-ev.de,Frank Kitzke - DHV Finance,Germany,Trossingen,,www.dhv-ev.de,German,National Federation,Accordion,Finance DHV
sabine.koelz@dhv-ev.de,Sabine Kölz - DHV Education,Germany,Trossingen,,www.dhv-ev.de,German,National Federation,Accordion,Education Department DHV
zuehlke@dhv-ev.de,Joachim Zühlke - DHV Projects/Events,Germany,Trossingen,,www.dhv-ev.de,German,National Federation,Accordion,Projects and Events DHV
kappler@dhv-ev.de,Manfred Kappler - DHV Baden-Württemberg,Germany,Baden-Württemberg,,www.dhv-ev.de,German,Regional Federation,Accordion,Regional association Baden-Württemberg
info@dhv-bayern.de,DHV Bayern,Germany,Bayern,,dhv-bayern.de,German,Regional Federation,Accordion,Regional association Bayern
johnny.mundelius@dhvberlin.de,Johnny Eric Mundelius - DHV Berlin,Germany,Berlin,,dhvberlin.de,German,Regional Federation,Accordion,Regional association Berlin
gerlich@dhv-ev.de,Volker Gerlich - DHV Brandenburg,Germany,Brandenburg,,www.dhv-ev.de,German,Regional Federation,Accordion,Regional association Brandenburg
karinbehrens@mac.com,Karin Behrens - DHV Bremen,Germany,Bremen,,www.dhv-ev.de,German,Regional Federation,Accordion,Regional association Bremen
info@dhv-hamburg.de,DHV Hamburg,Germany,Hamburg,,dhv-hamburg.de,German,Regional Federation,Accordion,Regional association Hamburg
schneider@dhv-ev.de,Ingolf Schneider - DHV Hessen,Germany,Hessen,,www.dhv-ev.de,German,Regional Federation,Accordion,Regional association Hessen
heike-sls@live.de,Accordion Orchestra Ensdorf e.V.,Germany,Saarland,,akkordeon-saar.de,German,Association,Accordion,Local accordion orchestra
bauer@dekoba.de,Brotdorf Accordion Orchestra,Germany,Saarland,,akkordeon-saar.de,German,Association,Accordion,Local accordion orchestra
musikschule@homburg.de,Homburg Music School,Germany,Saarland,,akkordeon-saar.de,German,Music School,Accordion,Municipal music school
info@organetto.info,Accademia del Mantice,Italy,Various,,www.organetto.info,Italian,School/Association,Diatonic accordion (organetto),"Courses, stages, online lessons since 2000"
info@organetto.it,Portale Organetto.it,Italy,Various,,organetto.it,Italian,Portal/Association,Diatonic accordion (organetto),"Historical portal - schools, teachers, sheet music"
info@ianniorganetti.it,Cav. Giuseppe Ianni & figli,Italy,Abruzzo,,ianniorganetti.it,Italian,Luthier/Cultural,Diatonic accordion,Builders and cultural promoters
baffetti@baffetti-accordions.com,Dino Baffetti Accordions,Italy,Castelfidardo (AN),,baffetti-accordions.com,Italian,Luthier,Diatonic accordion,Major accordion manufacturer
eolas@comhaltas.ie,Comhaltas Ceoltóirí Éireann (CCE),Ireland,National,+353 1 2800295,comhaltas.ie,English,National Federation,Button accordion,Main Irish traditional music organization - 430+ branches
info@efdss.org,English Folk Dance & Song Society (EFDSS),UK,London,+44 20 7485 2206,efdss.org,English,National Organization,Melodeon/Folk,"National development agency for England's folk arts"
library@efdss.org,EFDSS Library,UK,London,+44 20 7485 2206,efdss.org,English,Library,Folk music,Cecil Sharp House library
jolly.box@virgin.net,Jollybox Accordion Club,UK,Northampton,,accordionsunlimited.co.uk,English,Association,Accordion,Local accordion club
djones1222@aol.com,Weymouth Accordion Club,UK,Dorset,,accordionsunlimited.co.uk,English,Association,Accordion,Local accordion club
freddunn@madasafish.com,Canterbury Accordion Club,UK,Kent,,accordionsunlimited.co.uk,English,Association,Accordion,Local accordion club
gbevans@globalnet.co.uk,Chester Accordion Club,UK,Cheshire,,accordionsunlimited.co.uk,English,Association,Accordion,Local accordion club
accordions@btconnect.com,Fylde Coast Accordion Club,UK,Lancashire,,accordionsunlimited.co.uk,English,Association,Accordion,Local accordion club
info@lesateliersdelaccordeon.be,Les Ateliers de l'Accordéon Diatonique,Belgium,Wallonie - Gerpinnes,,lesateliersdelaccordeon.be,French,Association/Workshop,Diatonic accordion,"Workshops, performances - Pierre and Marinette Bonnert"
info@boombal.be,Boombal,Belgium,Gent,+32 475 70 96 87,boombal.be,Dutch/French,Association/Festival,Balfolk/Diatonic accordion,Major folk dance organization in Flanders
info@accordeon.ch,Accordeon.ch,Switzerland,National,,accordeon.ch,German/French/Italian,National Federation,Accordion,National accordion association - events and competitions
schwyzoise@bluewin.ch,Schwyzoise.ch - Benoit Brunisholz,Switzerland,French-speaking,,schwyzoise.ch,French,School/Shop,Schwyzerörgeli,"Group lessons, private lessons, shop"
web_contact@echo-signal.ch,Echo du Signal de Bernex,Switzerland,Geneva,,echo-signal.ch,French,Association,Schwyzerörgeli,Large Schwyzerörgeli ensemble
swissaccordion@fisarmonicisti.ch,Swiss Accordion,Switzerland,Italian-speaking,,fisarmonicisti.ch,Italian,National Federation,Accordion,Official Swiss Accordion Association
gottfried.hubmann@harmonikaverband.at,Prof. Gottfried Hubmann - HVÖ,Austria,National,,harmonikaverband.at,German,National Federation,Steirische Harmonika,Vice-President HVÖ - Steirische Harmonika specialist
info@volksmusikstadl.com,Volksmusikstadl Michael Stauner,Austria,National,,alpen-harmonika.de,German,Dealer/Association,Steirische Harmonika,General distributor Alpen Harmonika
office@steirische-harmonika.at,Schmidt Harmonika-Erzeugung GmbH,Austria,Weinitzen bei Graz,,steirische-harmonika.at,German,Manufacturer,Steirische Harmonika,Major harmonika manufacturer
contact@balfolkpaysdelaloire.fr,Bal Folk Pays de la Loire,France,Loire-Atlantique,Pays de la Loire,,balfolk44.fr,French,Association,Bal folk,Réseau bal folk régional
balfolk.nantes@gmail.com,Bal Folk Nantes,France,Nantes,Pays de la Loire,,facebook.com/balfolknantes,French,Association,Bal folk,Bals réguliers à Nantes
contact@danskafe.fr,Dans'Kaf,France,Nantes,Pays de la Loire,,,French,Association,Café dansant,Café dansant bal folk
trad.anjou@gmail.com,Trad en Anjou,France,Angers,Pays de la Loire,,,French,Association,Music trad,Musique traditionnelle Anjou
assocantepaerdrix@gmail.com,Cante Paerdrix,France,Angers,Pays de la Loire,,,French,Association,Chant trad,Chant et musique traditionnelle
lesamisdansbalfolk@gmail.com,Les Amis Dans Bal Folk,France,Le Mans,Pays de la Loire,,,French,Association,Bal folk,Organisation bals folk Sarthe
contact@lafolkatonik.fr,La Folkatonik,France,La Roche-sur-Yon,Pays de la Loire,,lafolkatonik.fr,French,Association,Bal folk,Bal folk Vendée
fest-deiz@orange.fr,Fest-Deiz,France,Vannes,Bretagne,,,French,Association,Fest-noz,Organisation fest-noz Morbihan
contact@festival-kan.bzh,Kan ar Bobl,France,Bretagne,Bretagne,,kan-ar-bobl.bzh,French,Festival,Concours chant,Concours chant traditionnel breton
kendalc'h@kendalch.bzh,Kendalc'h,France,Pontivy,Bretagne,02 97 25 58 42,kendalch.bzh,French,Federation,Cercles celtiques,Fédération cercles celtiques Bretagne
war-leur.penn@wanadoo.fr,War-Leur Penn ar Bed,France,Quimper,Bretagne,,,French,Association,Cercle celtique,Cercle celtique Finistère
ti-dour@wanadoo.fr,Ti Dour,France,Brest,Bretagne,,,French,Association,Fest-noz,Fest-noz et bal folk Brest
tamm-kreiz@orange.fr,Tamm Kreiz,France,Lorient,Bretagne,,,French,Association,Musique bretonne,Musique bretonne trad
sonneurs.bagad@gmail.com,Bagad de Vannes,France,Vannes,Bretagne,,,French,Association,Bagad,Bagad pipers Vannes
contact@dansebretonne.bzh,Danse Bretonne,France,Rennes,Bretagne,,,French,Association,Danse trad,Danse traditionnelle bretonne
hent.alafurian@gmail.com,Hent Ala Furiañ,France,Saint-Brieuc,Bretagne,,,French,Association,Danse musique,Danse et musique Côtes-d'Armor
skol.uhel.ar.vro@wanadoo.fr,Skol Uhel ar Vro,France,Guingamp,Bretagne,,,French,School,Musique trad,École de musique traditionnelle
roudoub@gmail.com,Roudoub,France,Loudéac,Bretagne,,,French,Association,Fest-noz,Fest-noz Loudéac
info@fest-noz.bzh,Fédération Kendalc'h section Vannes,France,Vannes,Bretagne,,,French,Federation,Fest-noz,Réseau fest-noz
contact@cmtra.org,CMTRA - Centre des Musiques Traditionnelles Rhône-Alpes,France,Lyon,Auvergne-Rhône-Alpes,04 78 70 81 75,cmtra.org,French,Cultural Center,Musique trad,Centre régional musiques traditionnelles
contact@dastum.bzh,Dastum,France,Rennes,Bretagne,02 99 59 12 58,dastum.bzh,French,Archive Center,Patrimoine,Archives sonores Bretagne
contact@modal-breizh.bzh,Modal Breizh,France,Lorient,Bretagne,02 97 21 24 80,modal-breizh.bzh,French,Cultural Center,Musique bretonne,Centre régional musique bretonne
secretariat@famdt.com,FAMDT - Fédération Arts Vivants et Musiques Traditionnelles,France,Paris,Île-de-France,01 40 39 97 50,famdt.com,French,National Federation,Musiques trad,Fédération nationale arts vivants
contact@maisondescultures.bzh,Maison des Cultures de Bretagne,France,Pontivy,Bretagne,02 97 29 68 68,maisondescultures.bzh,French,Cultural Center,Cultures Bretagne,Centre cultures de Bretagne
info@cpmdt.fr,CPMDT Poitou-Charentes,France,Parthenay,Nouvelle-Aquitaine,05 49 64 31 46,cpmdt.fr,French,Cultural Center,Musique trad,Centre patrimoine musical
association@trad-magazine.com,Trad Magazine,France,Paris,Île-de-France,,,French,Media,Magazine trad,Magazine musiques traditionnelles
redaction@acordeon-magazine.fr,Accordéon Magazine,France,Paris,Île-de-France,,,French,Media,Magazine accordéon,Magazine spécialisé accordéon
contact@tradrhonealpes.fr,Trad'Rhône-Alpes,France,Lyon,Auvergne-Rhône-Alpes,,,French,Association,Musique trad,Réseau musiques traditionnelles
info@epicurien.fr,Epicurien Folk,France,Dijon,Bourgogne-Franche-Comté,,,French,Association,Bal folk,Association bal folk Dijon
contact@balkanfolk.fr,Balkan Folk France,France,Lyon,Auvergne-Rhône-Alpes,,,French,Association,Musique balkanique,Musiques balkaniques et folk
info@lesbrossardises.fr,Les Brossardises,France,Brossard,Centre-Val de Loire,,,French,Festival,Festival folk,Festival musiques du monde
festival@bourreedupuy.com,Bourrée du Puy,France,Le Puy-en-Velay,Auvergne-Rhône-Alpes,,,French,Festival,Festival auvergnat,Festival musiques auvergnates
contact@festivalinterceltique.bzh,Festival Interceltique Lorient,France,Lorient,Bretagne,02 97 21 24 29,festival-interceltique.bzh,French,Festival,Festival celtique,Grand festival celtique international
info@fest-yves.bzh,Fest-Yves,France,Brittany,Bretagne,,,French,Festival,Fest-noz,Grand fest-noz annuel
contact@sonerien-du.bzh,Sonerien Du,France,Brest,Bretagne,,,French,Association,Bagad,Bagad de Brest
info@monterblanc.fr,Mont Erblanc,France,Saint-Malo,Bretagne,,,French,Festival,Festival folk,Festival folk Saint-Malo
contact@conservatoirebretagne.bzh,Réseau Conservatoires Bretagne,France,Rennes,Bretagne,,,French,School Network,Conservatoires,Réseau conservatoires musique trad
direction@cnima.org,CNIMA - Centre National des Instruments de Musique Ancienne,France,Paris,Île-de-France,,,French,School,Instruments anciens,Formation instruments anciens
info@musicehau.fr,Centre des Musiques Traditionnelles du Limousin,France,Limoges,Nouvelle-Aquitaine,,,French,Cultural Center,Musique trad,Centre musiques limousines
contact@balfolkstrasbourg.fr,Bal Folk Strasbourg,France,Strasbourg,Grand Est,,,French,Association,Bal folk,Association bal folk Strasbourg
info@folkloralsace.fr,Folklor Alsace,France,Colmar,Grand Est,,,French,Association,Folklore alsacien,Musique et danse alsaciennes
contact@lafabriquedanses.fr,La Fabrique de Danses,France,Toulouse,Occitanie,,,French,Association,Bal folk,Espace de danse et bal folk
lescopainsdabord@orange.fr,Les Copains d'Abord,France,Montpellier,Occitanie,,,French,Association,Accordéon,Association accordéon Hérault
contact@musiquentete.fr,Musiq'en Tête,France,Marseille,Provence-Alpes-Côte d'Azur,,,French,Association,Musique trad,Musiques traditionnelles méditerranéennes
balfolknice@gmail.com,Bal Folk Nice,France,Nice,Provence-Alpes-Côte d'Azur,,,French,Association,Bal folk,Bals folk Côte d'Azur
info@dansestraditionnelles.org,Association Danses Traditionnelles Provence,France,Aix-en-Provence,Provence-Alpes-Côte d'Azur,,,French,Association,Danse trad,Danses provençales
contact@tradiprovence.fr,Tradi'Provence,France,Avignon,Provence-Alpes-Côte d'Azur,,,French,Association,Musique provençale,Musiques et danses provençales
info@balfolklyon.fr,Bal Folk Lyon,France,Lyon,Auvergne-Rhône-Alpes,,,French,Association,Bal folk,Organisation bals folk Lyon
lesamisduviolon@gmail.com,Les Amis du Violon Traditionnel,France,Clermont-Ferrand,Auvergne-Rhône-Alpes,,,French,Association,Violon trad,Violon traditionnel auvergnat
contact@folkenbresse.fr,Folk en Bresse,France,Bourg-en-Bresse,Auvergne-Rhône-Alpes,,,French,Association,Bal folk,Bal folk Ain
info@lesrondsdauvergne.fr,Les Ronds d'Auvergne,France,Aurillac,Auvergne-Rhône-Alpes,,,French,Association,Danse auvergnate,Danses auvergnates traditionnelles
association@vielemusicale.fr,Vièle Musicale,France,Le Puy-en-Velay,Auvergne-Rhône-Alpes,,,French,Association,Vièle,Vièle à roue Haute-Loire
contact@folkingrenoble.fr,Folk In Grenoble,France,Grenoble,Auvergne-Rhône-Alpes,,,French,Association,Bal folk,Bal folk Isère
lesmenestrels@orange.fr,Les Ménestrels,France,Annecy,Auvergne-Rhône-Alpes,,,French,Association,Musique médiévale,Musiques anciennes Savoie
info@folkdijon.fr,Folk Dijon,France,Dijon,Bourgogne-Franche-Comté,,,French,Association,Bal folk,Bal folk Bourgogne
contact@epicurien-musique.fr,L'Épicurien Musiques du Monde,France,Dijon,Bourgogne-Franche-Comté,,,French,Association,Musiques du monde,Musiques du monde et bal folk
lescompagnonsdelatrad@wanadoo.fr,Les Compagnons de la Trad,France,Besançon,Bourgogne-Franche-Comté,,,French,Association,Musique trad,Musique traditionnelle Franche-Comté
contact@bourree-bourgogne.fr,La Bourrée Bourguignonne,France,Beaune,Bourgogne-Franche-Comté,,,French,Association,Bourrée,Danse et musique bourguignonne
info@folkenmorvan.fr,Folk en Morvan,France,Château-Chinon,Bourgogne-Franche-Comté,,,French,Association,Bal folk,Bal folk Nièvre
contact@balfolkreims.fr,Bal Folk Reims,France,Reims,Grand Est,,,French,Association,Bal folk,Association bal folk Marne
info@folklorraine.fr,Folklor'Aine,France,Nancy,Grand Est,,,French,Association,Bal folk,Bal folk Lorraine
lesamisdelavielle@gmail.com,Les Amis de la Vielle,France,Metz,Grand Est,,,French,Association,Vielle à roue,Vielle à roue Moselle
contact@tradenmoselle.fr,Trad en Moselle,France,Thionville,Grand Est,,,French,Association,Musique trad,Musiques traditionnelles Lorraine
info@folkamiens.fr,Folk'Amiens,France,Amiens,Hauts-de-France,,,French,Association,Bal folk,Bal folk Somme
balfolklille@gmail.com,Bal Folk Lille,France,Lille,Hauts-de-France,,,French,Association,Bal folk,Bals folk Nord
contact@folklille.org,Asso Folk Lille,France,Lille,Hauts-de-France,,,French,Association,Musique folk,Musiques folk et trad Nord
lesmenestrelsdunord@orange.fr,Les Ménestrels du Nord,France,Valenciennes,Hauts-de-France,,,French,Association,Musique médiévale,Musiques médiévales Nord
info@tradpicardie.fr,Trad'Picardie,France,Beauvais,Hauts-de-France,,,French,Association,Musique picarde,Musiques traditionnelles Picardie
contact@folkencalais.fr,Folk en Calais,France,Calais,Hauts-de-France,,,French,Association,Bal folk,Bal folk Pas-de-Calais
info@accordion-club-koeln.de,Accordion Club Köln,Germany,Köln,Nordrhein-Westfalen,,accordion-club-koeln.de,German,Club,Accordion,Accordion club Cologne
kontakt@harmonika-muenchen.de,Harmonika Verein München,Germany,München,Bayern,,harmonika-muenchen.de,German,Association,Harmonika,Munich harmonika association
info@akkordeon-frankfurt.de,Akkordeon Orchester Frankfurt,Germany,Frankfurt,Hessen,,akkordeon-frankfurt.de,German,Orchestra,Accordion,Frankfurt accordion orchestra
kontakt@harmonika-stuttgart.de,Harmonika Club Stuttgart,Germany,Stuttgart,Baden-Württemberg,,harmonika-stuttgart.de,German,Club,Harmonika,Stuttgart harmonika club
info@akkordeon-dresden.de,Akkordeon Verein Dresden,Germany,Dresden,Sachsen,,akkordeon-dresden.de,German,Association,Accordion,Dresden accordion association
kontakt@steirische-berlin.de,Steirische Harmonika Berlin,Germany,Berlin,Berlin,,steirische-berlin.de,German,Association,Steirische,Berlin steirische group
info@volksmusik-bayern.de,Volksmusik Bayern,Germany,München,Bayern,,volksmusik-bayern.de,German,Association,Volksmusik,Bavarian folk music
kontakt@tanz-und-musik.de,Tanz und Volksmusik Verein,Germany,Freiburg,Baden-Württemberg,,,German,Association,Folk dance,Dance and folk music
info@akkordeon-hannover.de,Akkordeon Club Hannover,Germany,Hannover,Niedersachsen,,akkordeon-hannover.de,German,Club,Accordion,Hannover accordion club
kontakt@harmonika-leipzig.de,Harmonika Orchester Leipzig,Germany,Leipzig,Sachsen,,harmonika-leipzig.de,German,Orchestra,Harmonika,Leipzig harmonika orchestra
info@balfolk-deutschland.de,Balfolk Deutschland,Germany,Berlin,Berlin,,balfolk-deutschland.de,German,Network,Bal folk,German balfolk network
kontakt@folkmusik-hamburg.de,Folkmusik Hamburg,Germany,Hamburg,Hamburg,,folkmusik-hamburg.de,German,Association,Folk music,Hamburg folk music
info@accordion-duesseldorf.de,Akkordeon Verein Düsseldorf,Germany,Düsseldorf,Nordrhein-Westfalen,,accordion-duesseldorf.de,German,Association,Accordion,Düsseldorf accordion
kontakt@volksmusik-sachsen.de,Volksmusik Sachsen,Germany,Dresden,Sachsen,,,German,Association,Volksmusik,Saxon folk music
info@folkclub-bremen.de,Folk Club Bremen,Germany,Bremen,Bremen,,folkclub-bremen.de,German,Club,Folk,Bremen folk club
info@organetto-roma.it,Organetto Roma,Italy,Roma,Lazio,,organetto-roma.it,Italian,Association,Organetto,Rome organetto association
contatto@fisarmonica-napoli.it,Associazione Fisarmonica Napoli,Italy,Napoli,Campania,,fisarmonica-napoli.it,Italian,Association,Fisarmonica,Naples accordion association
info@organetto-toscana.it,Organetto Toscana,Italy,Firenze,Toscana,,organetto-toscana.it,Italian,Association,Organetto,Tuscany organetto
contatto@musicapopolare-abruzzo.it,Musica Popolare Abruzzo,Italy,Pescara,Abruzzo,,,Italian,Association,Folk music,Abruzzo folk music
info@organetto-marche.it,Organetto Marche,Italy,Ancona,Marche,,,Italian,Association,Organetto,Marche organetto network
contatto@fisarmonica-milano.it,Associazione Fisarmonicisti Milano,Italy,Milano,Lombardia,,fisarmonica-milano.it,Italian,Association,Fisarmonica,Milan accordion association
info@tarantella-puglia.it,Tarantella Puglia,Italy,Bari,Puglia,,tarantella-puglia.it,Italian,Association,Tarantella,Apulian tarantella
contatto@organetto-calabria.it,Organetto Calabria,Italy,Reggio Calabria,Calabria,,,Italian,Association,Organetto,Calabrian organetto
info@musicatradizionale-sicilia.it,Musica Tradizionale Sicilia,Italy,Palermo,Sicilia,,,Italian,Association,Traditional music,Sicilian traditional music
contatto@fisarmonica-bologna.it,Fisarmonica Bologna,Italy,Bologna,Emilia-Romagna,,fisarmonica-bologna.it,Italian,Association,Fisarmonica,Bologna accordion
info@cce-cork.ie,CCE Cork Branch,Ireland,Cork,Munster,,comhaltas.ie,English,Branch,CCE,Comhaltas Cork branch
secretary@cce-galway.ie,CCE Galway Branch,Ireland,Galway,Connacht,,comhaltas.ie,English,Branch,CCE,Comhaltas Galway branch
info@cce-limerick.ie,CCE Limerick Branch,Ireland,Limerick,Munster,,comhaltas.ie,English,Branch,CCE,Comhaltas Limerick branch
secretary@cce-dublin.ie,CCE Dublin Branch,Ireland,Dublin,Leinster,,comhaltas.ie,English,Branch,CCE,Comhaltas Dublin branch
info@cce-donegal.ie,CCE Donegal Branch,Ireland,Donegal,Ulster,,comhaltas.ie,English,Branch,CCE,Comhaltas Donegal branch
info@melodeon.net,Melodeon.net Community,UK,London,England,,melodeon.net,English,Network,Melodeon,UK melodeon community
secretary@scottishaccordion.org,Scottish Accordion Club,UK,Edinburgh,Scotland,,scottishaccordion.org,English,Club,Accordion,Scottish accordion association
info@welshfolk.org,Welsh Folk Dance Society,UK,Cardiff,Wales,,welshfolk.org,English,Society,Folk dance,Welsh folk dance
contact@folkclub-london.org,London Folk Club,UK,London,England,,folkclub-london.org,English,Club,Folk,London folk sessions
info@oxfordfolk.org.uk,Oxford Folk Club,UK,Oxford,England,,oxfordfolk.org.uk,English,Club,Folk,Oxford folk music
secretary@cambridgefolk.org,Cambridge Folk Festival Association,UK,Cambridge,England,,cambridgefolk.org,English,Festival,Folk,Cambridge folk
info@bristolfolk.org.uk,Bristol Folk Society,UK,Bristol,England,,bristolfolk.org.uk,English,Society,Folk,Bristol folk community
contact@manchesterfolk.org,Manchester Folk Club,UK,Manchester,England,,,English,Club,Folk,Manchester folk sessions
info@liverpoolfolk.co.uk,Liverpool Folk Club,UK,Liverpool,England,,,English,Club,Folk,Liverpool folk music
secretary@yorkshirefolk.org,Yorkshire Folk Arts,UK,Leeds,England,,yorkshirefolk.org,English,Association,Folk arts,Yorkshire folk
info@newcastlefolk.org.uk,Newcastle Folk Club,UK,Newcastle,England,,,English,Club,Folk,Newcastle folk sessions
contact@nottinghamfolk.org,Nottingham Folk Club,UK,Nottingham,England,,,English,Club,Folk,Nottingham folk
info@birminghamfolk.org.uk,Birmingham Folk Club,UK,Birmingham,England,,,English,Club,Folk,Birmingham folk music
secretary@sheffieldfolk.org,Sheffield Accordion Club,UK,Sheffield,England,,,English,Club,Accordion,Sheffield accordion
info@balfolk-brussels.be,Balfolk Brussels,Belgium,Brussels,Brussels,,balfolk-brussels.be,French/Dutch,Association,Bal folk,Brussels balfolk network
contact@volksdans-gent.be,Volksdans Gent,Belgium,Gent,Flanders,,volksdans-gent.be,Dutch,Association,Folk dance,Ghent folk dance
info@balfolk-liege.be,Balfolk Liège,Belgium,Liège,Wallonia,,balfolk-liege.be,French,Association,Bal folk,Liège balfolk
contact@folkbelgium.be,Folk Belgium Network,Belgium,Antwerpen,Flanders,,folkbelgium.be,Dutch/French,Network,Folk,Belgian folk network
info@accordeon-antwerpen.be,Accordeon Club Antwerpen,Belgium,Antwerpen,Flanders,,,Dutch,Club,Accordion,Antwerp accordion club
contact@danstraditioneel.be,Dans Traditioneel België,Belgium,Leuven,Flanders,,,Dutch,Association,Traditional dance,Traditional dance Belgium
info@balfolk-amsterdam.nl,Balfolk Amsterdam,Netherlands,Amsterdam,North Holland,,balfolk-amsterdam.nl,Dutch,Association,Bal folk,Amsterdam balfolk
contact@volksmuziek-utrecht.nl,Volksmuziek Utrecht,Netherlands,Utrecht,Utrecht,,volksmuziek-utrecht.nl,Dutch,Association,Folk music,Utrecht folk music
info@folkclub-rotterdam.nl,Folk Club Rotterdam,Netherlands,Rotterdam,South Holland,,,Dutch,Club,Folk,Rotterdam folk club
contact@accordeonvereniging.nl,Nederlandse Accordeon Vereniging,Netherlands,Den Haag,South Holland,,accordeonvereniging.nl,Dutch,Association,Accordion,Dutch accordion association
info@balfolk-nijmegen.nl,Balfolk Nijmegen,Netherlands,Nijmegen,Gelderland,,,Dutch,Association,Bal folk,Nijmegen balfolk
contact@volksdans-nederland.nl,Volksdans Nederland,Netherlands,Amersfoort,Utrecht,,volksdans-nederland.nl,Dutch,Federation,Folk dance,Dutch folk dance federation
info@folkgroningen.nl,Folk Groningen,Netherlands,Groningen,Groningen,,,Dutch,Association,Folk,Groningen folk music
contact@accordeon-eindhoven.nl,Accordeon Club Eindhoven,Netherlands,Eindhoven,North Brabant,,,Dutch,Club,Accordion,Eindhoven accordion
info@trikitixa-donostia.eus,Trikitixa Elkartea Donostia,Spain,Donostia-San Sebastián,Basque Country,,trikitixa.eus,Basque,Association,Trikitixa,San Sebastián trikitixa
contacto@acordeon-bilbao.eus,Asociación Acordeón Bilbao,Spain,Bilbao,Basque Country,,,Basque,Association,Accordion,Bilbao accordion association
info@acordeon-vitoria.eus,Acordeón Gasteiz,Spain,Vitoria-Gasteiz,Basque Country,,,Basque,Association,Accordion,Vitoria accordion
contacto@musicatradicional-galicia.es,Música Tradicional Galicia,Spain,Santiago de Compostela,Galicia,,musicagalicia.es,Galician,Association,Traditional music,Galician traditional music
info@acordeon-asturias.es,Acordeón Asturias,Spain,Oviedo,Asturias,,,Spanish,Association,Accordion,Asturian accordion
contacto@folkcat.cat,Folk Catalunya,Spain,Barcelona,Catalunya,,folkcat.cat,Catalan,Association,Folk,Catalan folk music
info@musicatrad-barcelona.cat,Música Tradicional Barcelona,Spain,Barcelona,Catalunya,,,Catalan,Association,Traditional music,Barcelona traditional music
contacto@acordeon-madrid.es,Asociación Acordeón Madrid,Spain,Madrid,Madrid,,,Spanish,Association,Accordion,Madrid accordion association
info@folkvalencia.es,Folk Valencia,Spain,Valencia,Valencia,,,Spanish,Association,Folk,Valencia folk music
contacto@musictrad-aragon.es,Música Tradicional Aragón,Spain,Zaragoza,Aragón,,,Spanish,Association,Traditional music,Aragonese traditional music
info@steirische-graz.at,Steirische Harmonika Graz,Austria,Graz,Steiermark,,steirische-graz.at,German,Association,Steirische,Graz steirische association
kontakt@harmonika-salzburg.at,Harmonika Verein Salzburg,Austria,Salzburg,Salzburg,,harmonika-salzburg.at,German,Association,Harmonika,Salzburg harmonika
info@volksmusik-tirol.at,Volksmusik Tirol,Austria,Innsbruck,Tirol,,volksmusik-tirol.at,German,Association,Volksmusik,Tyrolean folk music
kontakt@steirische-wien.at,Steirische Wien,Austria,Wien,Wien,,steirische-wien.at,German,Association,Steirische,Vienna steirische group
info@harmonika-kaernten.at,Harmonika Kärnten,Austria,Klagenfurt,Kärnten,,,German,Association,Harmonika,Carinthian harmonika
kontakt@volksmusik-oberoesterreich.at,Volksmusik Oberösterreich,Austria,Linz,Oberösterreich,,,German,Association,Volksmusik,Upper Austrian folk music
info@schwyzerorgeli-luzern.ch,Schwyzerörgeli Verein Luzern,Switzerland,Luzern,Luzern,,schwyzerorgeli-luzern.ch,German,Association,Schwyzerörgeli,Lucerne schwyzerörgeli
kontakt@accordeon-basel.ch,Accordeon Club Basel,Switzerland,Basel,Basel-Stadt,,accordeon-basel.ch,German,Club,Accordion,Basel accordion club
info@accordeon-bern.ch,Accordeon Verein Bern,Switzerland,Bern,Bern,,accordeon-bern.ch,German,Association,Accordion,Bern accordion
contact@musique-folk-lausanne.ch,Musique Folk Lausanne,Switzerland,Lausanne,Vaud,,folk-lausanne.ch,French,Association,Folk music,Lausanne folk music
info@accordeon-geneve.ch,Association Accordéon Genève,Switzerland,Genève,Genève,,accordeon-geneve.ch,French,Association,Accordion,Geneva accordion
kontakt@schwyzerorgeli-zurich.ch,Schwyzerörgeli Zürich,Switzerland,Zürich,Zürich,,schwyzerorgeli-zurich.ch,German,Association,Schwyzerörgeli,Zurich schwyzerörgeli
info@volksmusik-appenzell.ch,Volksmusik Appenzell,Switzerland,Appenzell,Appenzell Innerrhoden,,,German,Association,Volksmusik,Appenzell folk music
contact@musiquepopulaire-fribourg.ch,Musique Populaire Fribourg,Switzerland,Fribourg,Fribourg,,,French,Association,Folk music,Fribourg folk music
info@accordeon-ticino.ch,Fisarmonica Ticino,Switzerland,Lugano,Ticino,,,Italian,Association,Fisarmonica,Ticino accordion
kontakt@volksmusik-stgallen.ch,Volksmusik St. Gallen,Switzerland,St. Gallen,St. Gallen,,,German,Association,Volksmusik,St. Gallen folk music
info@concertina-portugal.pt,Concertina Portugal,Portugal,Lisboa,Lisboa,,concertina-portugal.pt,Portuguese,Association,Concertina,Portuguese concertina association
contacto@musicatradicional-minho.pt,Música Tradicional Minho,Portugal,Braga,Braga,,,Portuguese,Association,Traditional music,Minho traditional music
info@concertina-coimbra.pt,Concertina Coimbra,Portugal,Coimbra,Coimbra,,,Portuguese,Association,Concertina,Coimbra concertina
contacto@folclore-alentejo.pt,Folclore Alentejo,Portugal,Évora,Évora,,,Portuguese,Association,Folklore,Alentejo folklore
info@musicapopular-porto.pt,Música Popular Porto,Portugal,Porto,Porto,,,Portuguese,Association,Popular music,Porto traditional music
contacto@acordeon-lisboa.pt,Acordeão Lisboa,Portugal,Lisboa,Lisboa,,,Portuguese,Association,Accordion,Lisbon accordion association
